{
  "auc_oof": 0.8064289215847177,
  "auc_test": 0.8065459806704547,
  "ks": 0.49910096611307225,
  "gini": 0.61207845899295,
  "gap_sobreajuste": 0.027116538991712957,
  "psi_temporal": 0.26920847557509864,
  "psi_estado": "✗ INESTABLE",
  "brier_score": 0.20530065895205243,
  "brier_skill": -0.421062409293014,
  "auc_mensual_media": 0.7519310091879617,
  "auc_mensual_std": 0.04529499989169455,
  "auc_por_mes": {
    "2024-01": 0.6602354420081094,
    "2024-02": 0.7009272092912107,
    "2024-03": 0.6844297528765689,
    "2024-04": 0.7108677507013172,
    "2024-05": 0.7373200735192236,
    "2024-06": 0.7543970083704641,
    "2024-07": 0.7697539452151306,
    "2024-08": 0.7515837297101295,
    "2024-09": 0.7712136773935612,
    "2024-10": 0.7585062290657607,
    "2024-11": 0.7604552799163576,
    "2024-12": 0.7703318325238416,
    "2025-01": 0.7580836152264723,
    "2025-02": 0.8259766017994193,
    "2025-03": 0.848256554813299,
    "2025-04": 0.8261382523795149,
    "2025-05": 0.7973357386213682,
    "2025-06": 0.7843244988297232,
    "2025-07": 0.798711376159587,
    "2025-08": 0.7406841045045707,
    "2025-09": 0.7227824865717242,
    "2025-10": 0.7064482442665805,
    "2025-11": 0.6949110201751046,
    "2025-12": 0.7335516632322638,
    "2026-01": 0.7310491425277418
  },
  "psi_por_mes": {
    "2024-02": 0.015169019484106722,
    "2024-03": 0.013027234564846814,
    "2024-04": 0.04571437957869069,
    "2024-05": 0.06650224705525101,
    "2024-06": 0.14574064312739032,
    "2024-07": 0.14980997519574019,
    "2024-08": 0.14790465057828858,
    "2024-09": 0.13299268884660168,
    "2024-10": 0.1198940792440178,
    "2024-11": 0.10746964471412632,
    "2024-12": 0.15174186336439538,
    "2025-01": 0.10381692276207523,
    "2025-02": 0.20022837165146198,
    "2025-03": 0.23272170730303274,
    "2025-04": 0.2774025642761313,
    "2025-05": 0.25979122840676244,
    "2025-06": 0.9846703725276835,
    "2025-07": 1.3489635180176647,
    "2025-08": 1.4614917801011005,
    "2025-09": 1.5523128822083674,
    "2025-10": 1.6531254434177276,
    "2025-11": 1.3419538305946923,
    "2025-12": 1.3651499148781308,
    "2026-01": 1.3130942084611759
  },
  "iv_features": [
    {
      "feature": "giro_negocio",
      "iv": 0.8820510728702261,
      "poder": "Muy fuerte"
    },
    {
      "feature": "producto",
      "iv": 0.8700952421276298,
      "poder": "Muy fuerte"
    },
    {
      "feature": "monto_solicitado",
      "iv": 0.5763096878281246,
      "poder": "Muy fuerte"
    },
    {
      "feature": "tipo_vivienda",
      "iv": 0.49316506491314355,
      "poder": "Fuerte"
    },
    {
      "feature": "valor_score",
      "iv": 0.1173937011753558,
      "poder": "Medio"
    },
    {
      "feature": "creditos_cerrados",
      "iv": 0.0932558586510564,
      "poder": "Débil"
    },
    {
      "feature": "saldo_actual",
      "iv": 0.07173040170253513,
      "poder": "Débil"
    },
    {
      "feature": "estado_civil",
      "iv": 0.06413727145849624,
      "poder": "Débil"
    },
    {
      "feature": "ratio_saldo_creditos",
      "iv": 0.06171992327368979,
      "poder": "Débil"
    },
    {
      "feature": "dependientes_economicos",
      "iv": 0.05938359467893707,
      "poder": "Débil"
    },
    {
      "feature": "creditos_activos",
      "iv": 0.05130921851637049,
      "poder": "Débil"
    },
    {
      "feature": "capacidad_real",
      "iv": 0.047296432876881886,
      "poder": "Débil"
    },
    {
      "feature": "total_ingresos",
      "iv": 0.04462678795573266,
      "poder": "Débil"
    },
    {
      "feature": "tipo_credito",
      "iv": 0.02759736825826524,
      "poder": "Débil"
    },
    {
      "feature": "total_egresos",
      "iv": 0.023728530035205316,
      "poder": "Débil"
    },
    {
      "feature": "icc",
      "iv": 0.019856621724939492,
      "poder": "Sin poder"
    },
    {
      "feature": "saldo_vencido",
      "iv": 0.012104093172968514,
      "poder": "Sin poder"
    },
    {
      "feature": "antiguedad_domicilio",
      "iv": 0.0022819728731839064,
      "poder": "Sin poder"
    },
    {
      "feature": "plazo",
      "iv": 0.001127178212367519,
      "poder": "Sin poder"
    },
    {
      "feature": "antiguedad_negocio",
      "iv": 0.0010705427462770775,
      "poder": "Sin poder"
    },
    {
      "feature": "tasa",
      "iv": 0.00016762744517108505,
      "poder": "Sin poder"
    },
    {
      "feature": "creditos_vencidos",
      "iv": 0.0,
      "poder": "Sin poder"
    },
    {
      "feature": "flag_sin_icc",
      "iv": 0.0,
      "poder": "Sin poder"
    }
  ],
  "features_debiles": [
    "icc",
    "saldo_vencido",
    "antiguedad_domicilio",
    "plazo",
    "antiguedad_negocio",
    "tasa",
    "creditos_vencidos",
    "flag_sin_icc"
  ]
}