{
  "features": [
    "bc_score",
    "icc",
    "total_ingresos",
    "total_egresos",
    "creditos_vencidos",
    "creditos_cerrados",
    "creditos_activos",
    "saldo_actual",
    "monto_solicitado",
    "tipo_vivienda",
    "estado_civil"
  ],
  "cat_features": [
    "tipo_vivienda",
    "estado_civil"
  ],
  "sentinel": -100,
  "calibradora_x": [
    0.008030612021684647,
    0.040316224098205566,
    0.04050706326961517,
    0.23259158432483673,
    0.25465112924575806,
    0.49180686473846436,
    0.4935062825679779,
    0.5469884872436523,
    0.5471876859664917,
    0.677839457988739,
    0.6780354976654053,
    0.7050274014472961,
    0.7050476670265198,
    0.7144111394882202,
    0.7153843641281128,
    0.7319996953010559,
    0.732041597366333,
    0.7360004186630249,
    0.7368662357330322,
    0.7468209266662598,
    0.7468832731246948,
    0.8056763410568237,
    0.8086684942245483,
    0.8138263821601868,
    0.8171679377555847,
    0.8269076943397522
  ],
  "calibradora_y": [
    0.0,
    0.0,
    0.01923076994717121,
    0.01923076994717121,
    0.23456789553165436,
    0.23456789553165436,
    0.2857142984867096,
    0.2857142984867096,
    0.38695651292800903,
    0.38695651292800903,
    0.4285714328289032,
    0.4285714328289032,
    0.5,
    0.5,
    0.5074626803398132,
    0.5074626803398132,
    0.5263158082962036,
    0.5263158082962036,
    0.5681818127632141,
    0.5681818127632141,
    0.6465517282485962,
    0.6465517282485962,
    0.75,
    0.75,
    1.0,
    1.0
  ],
  "breakpoints": [
    0.0,
    0.0,
    0.23456789553165436,
    0.2857142984867096,
    0.38695651292800903,
    0.38695651292800903,
    0.4285714328289032,
    0.5074626803398132,
    0.6465517282485962
  ],
  "encoders": {
    "tipo_vivienda": [
      "ARRENDADA",
      "FAMILIAR",
      "PROPIA ESCRITURAS",
      "SIN INFORMAR"
    ],
    "estado_civil": [
      "CASADO B. SEPARADOS",
      "SOLTERO (A)",
      "UNION LIBRE",
      "VIUDO (A)"
    ]
  },
  "mora_holdout": 31.16,
  "mora_train": 19.54,
  "nota": "Probabilidad calibrada con isotónica sobre hold-out. Refleja mora real del periodo."
}