{
  "max_depth": 4,
  "n_estimators": 405,
  "learning_rate": 0.017387015971555324,
  "subsample": 0.7052781865155179,
  "colsample_bytree": 0.5851171734544505,
  "min_child_weight": 54,
  "reg_lambda": 7.4773771250472425,
  "reg_alpha": 2.460600767918329,
  "scale_pos_weight": 4.11722659042173,
  "random_state": 42,
  "verbosity": 0
}